{"cameraMode":{"drawMode":0,"name":"Shaded","section":"Shading Mode"},"sceneLighting":true,"audioPlay":false,"sceneViewState":{"m_AlwaysRefresh":false,"showFog":true,"showSkybox":true,"showFlares":true,"showImageEffects":true,"showParticleSystems":true,"showVisualEffectGraphs":true,"m_FxEnabled":true},"in2DMode":false,"pivot":{"x":447.9749450683594,"y":136.77178955078126,"z":-3.8752899169921877},"rotation":{"x":0.014344599097967148,"y":-0.21296362578868867,"z":-0.00316021335311234,"w":-0.9768455028533936},"size":103.3201904296875,"orthographic":false}