{"cameraMode":{"drawMode":0,"name":"Shaded","section":"Shading Mode"},"sceneLighting":true,"audioPlay":false,"sceneViewState":{"m_AlwaysRefresh":false,"showFog":true,"showSkybox":true,"showFlares":true,"showImageEffects":true,"showParticleSystems":true,"showVisualEffectGraphs":true,"m_FxEnabled":true},"in2DMode":false,"pivot":{"x":362.12451171875,"y":195.66397094726563,"z":-136.7498779296875},"rotation":{"x":-0.0370413139462471,"y":0.0028476803563535215,"z":0.00008010092278709635,"w":-0.9990888833999634},"size":294.8714599609375,"orthographic":false}